--
-- PostgreSQL database dump
--

-- Dumped from database version 12.9 (Ubuntu 12.9-2.pgdg20.04+1)
-- Dumped by pg_dump version 12.9 (Ubuntu 12.9-2.pgdg20.04+1)

SET statement_timeout = 0;
SET lock_timeout = 0;
SET idle_in_transaction_session_timeout = 0;
SET client_encoding = 'UTF8';
SET standard_conforming_strings = on;
SELECT pg_catalog.set_config('search_path', '', false);
SET check_function_bodies = false;
SET xmloption = content;
SET client_min_messages = warning;
SET row_security = off;

DROP DATABASE universe;
--
-- Name: universe; Type: DATABASE; Schema: -; Owner: freecodecamp
--

CREATE DATABASE universe WITH TEMPLATE = template0 ENCODING = 'UTF8' LC_COLLATE = 'C.UTF-8' LC_CTYPE = 'C.UTF-8';


ALTER DATABASE universe OWNER TO freecodecamp;

\connect universe

SET statement_timeout = 0;
SET lock_timeout = 0;
SET idle_in_transaction_session_timeout = 0;
SET client_encoding = 'UTF8';
SET standard_conforming_strings = on;
SELECT pg_catalog.set_config('search_path', '', false);
SET check_function_bodies = false;
SET xmloption = content;
SET client_min_messages = warning;
SET row_security = off;

SET default_tablespace = '';

SET default_table_access_method = heap;

--
-- Name: black_hole; Type: TABLE; Schema: public; Owner: freecodecamp
--

CREATE TABLE public.black_hole (
    black_hole_id integer NOT NULL,
    name character varying(30) NOT NULL,
    size_in_km integer,
    weight_in_suns integer,
    galaxy_id integer NOT NULL
);


ALTER TABLE public.black_hole OWNER TO freecodecamp;

--
-- Name: black_hole_black_hole_id_seq; Type: SEQUENCE; Schema: public; Owner: freecodecamp
--

CREATE SEQUENCE public.black_hole_black_hole_id_seq
    AS integer
    START WITH 1
    INCREMENT BY 1
    NO MINVALUE
    NO MAXVALUE
    CACHE 1;


ALTER TABLE public.black_hole_black_hole_id_seq OWNER TO freecodecamp;

--
-- Name: black_hole_black_hole_id_seq; Type: SEQUENCE OWNED BY; Schema: public; Owner: freecodecamp
--

ALTER SEQUENCE public.black_hole_black_hole_id_seq OWNED BY public.black_hole.black_hole_id;


--
-- Name: galaxy; Type: TABLE; Schema: public; Owner: freecodecamp
--

CREATE TABLE public.galaxy (
    galaxy_id integer NOT NULL,
    name character varying(30) NOT NULL,
    num_stars numeric NOT NULL,
    gal_type text,
    gal_group text
);


ALTER TABLE public.galaxy OWNER TO freecodecamp;

--
-- Name: galaxy_galaxy_id_seq; Type: SEQUENCE; Schema: public; Owner: freecodecamp
--

CREATE SEQUENCE public.galaxy_galaxy_id_seq
    AS integer
    START WITH 1
    INCREMENT BY 1
    NO MINVALUE
    NO MAXVALUE
    CACHE 1;


ALTER TABLE public.galaxy_galaxy_id_seq OWNER TO freecodecamp;

--
-- Name: galaxy_galaxy_id_seq; Type: SEQUENCE OWNED BY; Schema: public; Owner: freecodecamp
--

ALTER SEQUENCE public.galaxy_galaxy_id_seq OWNED BY public.galaxy.galaxy_id;


--
-- Name: moon; Type: TABLE; Schema: public; Owner: freecodecamp
--

CREATE TABLE public.moon (
    moon_id integer NOT NULL,
    name character varying(30) NOT NULL,
    size_in_km integer,
    distance_f_p_km integer,
    planet_id integer NOT NULL,
    life boolean
);


ALTER TABLE public.moon OWNER TO freecodecamp;

--
-- Name: moon_moon_id_seq; Type: SEQUENCE; Schema: public; Owner: freecodecamp
--

CREATE SEQUENCE public.moon_moon_id_seq
    AS integer
    START WITH 1
    INCREMENT BY 1
    NO MINVALUE
    NO MAXVALUE
    CACHE 1;


ALTER TABLE public.moon_moon_id_seq OWNER TO freecodecamp;

--
-- Name: moon_moon_id_seq; Type: SEQUENCE OWNED BY; Schema: public; Owner: freecodecamp
--

ALTER SEQUENCE public.moon_moon_id_seq OWNED BY public.moon.moon_id;


--
-- Name: planet; Type: TABLE; Schema: public; Owner: freecodecamp
--

CREATE TABLE public.planet (
    planet_id integer NOT NULL,
    name character varying(30) NOT NULL,
    life boolean NOT NULL,
    moons integer,
    radius_in_km integer,
    star_id integer NOT NULL
);


ALTER TABLE public.planet OWNER TO freecodecamp;

--
-- Name: planet_planet_id_seq; Type: SEQUENCE; Schema: public; Owner: freecodecamp
--

CREATE SEQUENCE public.planet_planet_id_seq
    AS integer
    START WITH 1
    INCREMENT BY 1
    NO MINVALUE
    NO MAXVALUE
    CACHE 1;


ALTER TABLE public.planet_planet_id_seq OWNER TO freecodecamp;

--
-- Name: planet_planet_id_seq; Type: SEQUENCE OWNED BY; Schema: public; Owner: freecodecamp
--

ALTER SEQUENCE public.planet_planet_id_seq OWNED BY public.planet.planet_id;


--
-- Name: star; Type: TABLE; Schema: public; Owner: freecodecamp
--

CREATE TABLE public.star (
    star_id integer NOT NULL,
    name character varying(30) NOT NULL,
    galaxy_id integer NOT NULL,
    color text,
    temperature_in_k integer,
    size_in_km integer
);


ALTER TABLE public.star OWNER TO freecodecamp;

--
-- Name: star_star_id_seq; Type: SEQUENCE; Schema: public; Owner: freecodecamp
--

CREATE SEQUENCE public.star_star_id_seq
    AS integer
    START WITH 1
    INCREMENT BY 1
    NO MINVALUE
    NO MAXVALUE
    CACHE 1;


ALTER TABLE public.star_star_id_seq OWNER TO freecodecamp;

--
-- Name: star_star_id_seq; Type: SEQUENCE OWNED BY; Schema: public; Owner: freecodecamp
--

ALTER SEQUENCE public.star_star_id_seq OWNED BY public.star.star_id;


--
-- Name: black_hole black_hole_id; Type: DEFAULT; Schema: public; Owner: freecodecamp
--

ALTER TABLE ONLY public.black_hole ALTER COLUMN black_hole_id SET DEFAULT nextval('public.black_hole_black_hole_id_seq'::regclass);


--
-- Name: galaxy galaxy_id; Type: DEFAULT; Schema: public; Owner: freecodecamp
--

ALTER TABLE ONLY public.galaxy ALTER COLUMN galaxy_id SET DEFAULT nextval('public.galaxy_galaxy_id_seq'::regclass);


--
-- Name: moon moon_id; Type: DEFAULT; Schema: public; Owner: freecodecamp
--

ALTER TABLE ONLY public.moon ALTER COLUMN moon_id SET DEFAULT nextval('public.moon_moon_id_seq'::regclass);


--
-- Name: planet planet_id; Type: DEFAULT; Schema: public; Owner: freecodecamp
--

ALTER TABLE ONLY public.planet ALTER COLUMN planet_id SET DEFAULT nextval('public.planet_planet_id_seq'::regclass);


--
-- Name: star star_id; Type: DEFAULT; Schema: public; Owner: freecodecamp
--

ALTER TABLE ONLY public.star ALTER COLUMN star_id SET DEFAULT nextval('public.star_star_id_seq'::regclass);


--
-- Data for Name: black_hole; Type: TABLE DATA; Schema: public; Owner: freecodecamp
--

INSERT INTO public.black_hole VALUES (1, 'A0620-00', 695700, 11, 1);
INSERT INTO public.black_hole VALUES (2, 'GRS 1124-683', 122000, 7, 1);
INSERT INTO public.black_hole VALUES (3, 'Cygnus X-1', 14609700, 22, 1);


--
-- Data for Name: galaxy; Type: TABLE DATA; Schema: public; Owner: freecodecamp
--

INSERT INTO public.galaxy VALUES (1, 'Milky Way', 250000000000, 'SBbc', 'Local');
INSERT INTO public.galaxy VALUES (2, 'CMa Dwarf', 10000000000, 'Irr', 'Local');
INSERT INTO public.galaxy VALUES (3, 'Sgr Dwarf Elliptical Galaxy', 10000000000, 'dSph(t)', 'Local');
INSERT INTO public.galaxy VALUES (4, 'Large Magellanic Cloud', 50000000000, 'SB(s)m', 'Local');
INSERT INTO public.galaxy VALUES (5, 'Small Magellanic Cloud', 1500000000, 'SB(s)m', 'Local');
INSERT INTO public.galaxy VALUES (6, 'Backward Galaxy', 10000000000, 'SA(r)ab', 'Local');
INSERT INTO public.galaxy VALUES (7, 'Caldwell 60', 150000000, 'SB(s)m pec', 'Local');
INSERT INTO public.galaxy VALUES (8, 'Caldwell 61', 1345394, 'SA(s)m', 'Local');


--
-- Data for Name: moon; Type: TABLE DATA; Schema: public; Owner: freecodecamp
--

INSERT INTO public.moon VALUES (1, 'Moon', 1737, 384400, 3, false);
INSERT INTO public.moon VALUES (2, 'Phobos', 11, 9376, 4, false);
INSERT INTO public.moon VALUES (3, 'Deimos', 6, 23463, 4, false);
INSERT INTO public.moon VALUES (4, 'Metis', 21, 128000, 5, false);
INSERT INTO public.moon VALUES (5, 'Adrastea', 8, 129000, 5, false);
INSERT INTO public.moon VALUES (6, 'Amaltea', 83, 181000, 5, false);
INSERT INTO public.moon VALUES (7, 'Thebe', 49, 221889, 5, false);
INSERT INTO public.moon VALUES (8, 'Io', 1821, 421700, 5, false);
INSERT INTO public.moon VALUES (9, 'Europa', 1560, 670900, 5, false);
INSERT INTO public.moon VALUES (10, 'Ganymede', 2634, 1070400, 5, false);
INSERT INTO public.moon VALUES (11, 'Callisto', 2410, 1882700, 5, false);
INSERT INTO public.moon VALUES (12, 'Mimas', 198, 185539, 6, false);
INSERT INTO public.moon VALUES (13, 'Enceladus', 504, 237905, 6, false);
INSERT INTO public.moon VALUES (14, 'Tethys', 1062, 294629, 6, false);
INSERT INTO public.moon VALUES (15, 'Dione', 1122, 377396, 6, false);
INSERT INTO public.moon VALUES (16, 'Rhea', 1527, 527108, 6, false);
INSERT INTO public.moon VALUES (17, 'Titan', 5150, 1221930, 6, false);
INSERT INTO public.moon VALUES (18, 'Titania', 1576, 425910, 7, false);
INSERT INTO public.moon VALUES (19, 'Oberon', 1522, 583510, 7, false);
INSERT INTO public.moon VALUES (20, 'Triton', 2705, 354759, 8, false);
INSERT INTO public.moon VALUES (21, 'Proteus', 420, 117646, 8, false);


--
-- Data for Name: planet; Type: TABLE DATA; Schema: public; Owner: freecodecamp
--

INSERT INTO public.planet VALUES (1, 'Mercury', false, 0, 2440, 1);
INSERT INTO public.planet VALUES (2, 'Venus', false, 0, 6051, 1);
INSERT INTO public.planet VALUES (3, 'Earth', true, 1, 6371, 1);
INSERT INTO public.planet VALUES (4, 'Mars', false, 2, 3389, 1);
INSERT INTO public.planet VALUES (5, 'Jupiter', false, 80, 69911, 1);
INSERT INTO public.planet VALUES (6, 'Saturn', false, 83, 58232, 1);
INSERT INTO public.planet VALUES (7, 'Uranus', false, 27, 25362, 1);
INSERT INTO public.planet VALUES (8, 'Neptune', false, 14, 24622, 1);
INSERT INTO public.planet VALUES (9, 'Proxima Centauri B', false, 0, 7015, 2);
INSERT INTO public.planet VALUES (10, 'Bernards Star B', false, 0, 20409, 5);
INSERT INTO public.planet VALUES (11, 'Ross 128 B', false, 0, 10204, 7);
INSERT INTO public.planet VALUES (12, 'Gliese 876 D', false, 0, 2296, 8);


--
-- Data for Name: star; Type: TABLE DATA; Schema: public; Owner: freecodecamp
--

INSERT INTO public.star VALUES (1, 'Sun', 1, 'White', 15700000, 695700);
INSERT INTO public.star VALUES (2, 'Proxima Centauri', 1, 'Orange', 3042, 107277);
INSERT INTO public.star VALUES (3, 'Alpha Centauri A', 1, 'White', 5260, 597675);
INSERT INTO public.star VALUES (4, 'Alpha Centauri B', 1, 'Yellow', 5750, 848754);
INSERT INTO public.star VALUES (5, 'Bernards Star', 1, 'Orange', 3100, 136357);
INSERT INTO public.star VALUES (6, 'Wolf 359', 1, 'Orange', 2749, 100180);
INSERT INTO public.star VALUES (7, 'Ross 128', 1, 'Orange', 3192, 136844);
INSERT INTO public.star VALUES (8, 'Gliese 876', 1, 'Red', 3129, 261652);
INSERT INTO public.star VALUES (9, 'LP 991-84', 1, 'Orange', 13105, 28459);
INSERT INTO public.star VALUES (10, 'WISE 1810', 1, 'Pink', 112, 290004);


--
-- Name: black_hole_black_hole_id_seq; Type: SEQUENCE SET; Schema: public; Owner: freecodecamp
--

SELECT pg_catalog.setval('public.black_hole_black_hole_id_seq', 3, true);


--
-- Name: galaxy_galaxy_id_seq; Type: SEQUENCE SET; Schema: public; Owner: freecodecamp
--

SELECT pg_catalog.setval('public.galaxy_galaxy_id_seq', 8, true);


--
-- Name: moon_moon_id_seq; Type: SEQUENCE SET; Schema: public; Owner: freecodecamp
--

SELECT pg_catalog.setval('public.moon_moon_id_seq', 21, true);


--
-- Name: planet_planet_id_seq; Type: SEQUENCE SET; Schema: public; Owner: freecodecamp
--

SELECT pg_catalog.setval('public.planet_planet_id_seq', 12, true);


--
-- Name: star_star_id_seq; Type: SEQUENCE SET; Schema: public; Owner: freecodecamp
--

SELECT pg_catalog.setval('public.star_star_id_seq', 10, true);


--
-- Name: black_hole black_hole_name_key; Type: CONSTRAINT; Schema: public; Owner: freecodecamp
--

ALTER TABLE ONLY public.black_hole
    ADD CONSTRAINT black_hole_name_key UNIQUE (name);


--
-- Name: black_hole black_hole_pkey; Type: CONSTRAINT; Schema: public; Owner: freecodecamp
--

ALTER TABLE ONLY public.black_hole
    ADD CONSTRAINT black_hole_pkey PRIMARY KEY (black_hole_id);


--
-- Name: galaxy galaxy_name_key; Type: CONSTRAINT; Schema: public; Owner: freecodecamp
--

ALTER TABLE ONLY public.galaxy
    ADD CONSTRAINT galaxy_name_key UNIQUE (name);


--
-- Name: galaxy galaxy_pkey; Type: CONSTRAINT; Schema: public; Owner: freecodecamp
--

ALTER TABLE ONLY public.galaxy
    ADD CONSTRAINT galaxy_pkey PRIMARY KEY (galaxy_id);


--
-- Name: moon moon_name_key; Type: CONSTRAINT; Schema: public; Owner: freecodecamp
--

ALTER TABLE ONLY public.moon
    ADD CONSTRAINT moon_name_key UNIQUE (name);


--
-- Name: moon moon_pkey; Type: CONSTRAINT; Schema: public; Owner: freecodecamp
--

ALTER TABLE ONLY public.moon
    ADD CONSTRAINT moon_pkey PRIMARY KEY (moon_id);


--
-- Name: planet planet_name_key; Type: CONSTRAINT; Schema: public; Owner: freecodecamp
--

ALTER TABLE ONLY public.planet
    ADD CONSTRAINT planet_name_key UNIQUE (name);


--
-- Name: planet planet_pkey; Type: CONSTRAINT; Schema: public; Owner: freecodecamp
--

ALTER TABLE ONLY public.planet
    ADD CONSTRAINT planet_pkey PRIMARY KEY (planet_id);


--
-- Name: star star_name_key; Type: CONSTRAINT; Schema: public; Owner: freecodecamp
--

ALTER TABLE ONLY public.star
    ADD CONSTRAINT star_name_key UNIQUE (name);


--
-- Name: star star_pkey; Type: CONSTRAINT; Schema: public; Owner: freecodecamp
--

ALTER TABLE ONLY public.star
    ADD CONSTRAINT star_pkey PRIMARY KEY (star_id);


--
-- Name: black_hole black_hole_galaxy_id_fkey; Type: FK CONSTRAINT; Schema: public; Owner: freecodecamp
--

ALTER TABLE ONLY public.black_hole
    ADD CONSTRAINT black_hole_galaxy_id_fkey FOREIGN KEY (galaxy_id) REFERENCES public.galaxy(galaxy_id);


--
-- Name: moon moon_planet_id_fkey; Type: FK CONSTRAINT; Schema: public; Owner: freecodecamp
--

ALTER TABLE ONLY public.moon
    ADD CONSTRAINT moon_planet_id_fkey FOREIGN KEY (planet_id) REFERENCES public.planet(planet_id);


--
-- Name: planet planet_star_id_fkey; Type: FK CONSTRAINT; Schema: public; Owner: freecodecamp
--

ALTER TABLE ONLY public.planet
    ADD CONSTRAINT planet_star_id_fkey FOREIGN KEY (star_id) REFERENCES public.star(star_id);


--
-- Name: star star_galaxy_id_fkey; Type: FK CONSTRAINT; Schema: public; Owner: freecodecamp
--

ALTER TABLE ONLY public.star
    ADD CONSTRAINT star_galaxy_id_fkey FOREIGN KEY (galaxy_id) REFERENCES public.galaxy(galaxy_id);


--
-- PostgreSQL database dump complete
--